<DesignerComponent>
	<Header>
		<Name>Saiku Widget</Name>
		<IName>saikuWidgetComponent</IName>
		<Description>Saiku Widget Component</Description>
		<Category>Saiku</Category>
		<CatDescription>Saiku</CatDescription>
		<Type>PalleteEntry</Type>
		<Version>1.0</Version>
	</Header>
	<Contents>
		<Model>
			<Property>executeAtStart</Property>
			<Property>htmlObject</Property>
			<Property>width</Property>
			<Property>height</Property>
 			<Property>parameters</Property>
			<Property>listeners</Property>
			<Property>preExecution</Property>
			<Property>postExecution</Property>
			<Property>saikuFilePath</Property>
			
			<Property name="renderMode" type="string">renderMode</Property>
			<Property name="renderType" type="string">renderType</Property>
            
		</Model>

		<Implementation>
			<Code src="SaikuWidgetComponent.js" />

			<Dependencies>
                <Dependency src="../../ui/js/saiku/plugins/CCC_Chart/pvc.js">saikupvc</Dependency>
				<Dependency src="../../ui/js/saiku/render/SaikuRenderer.js">saikurenderer</Dependency>
				<Dependency src="../../ui/js/saiku/render/SaikuTableRenderer.js">saikutable</Dependency>
				<Dependency src="../../ui/js/saiku/render/SaikuChartRenderer.js">saikuchart</Dependency>
				<Dependency src="../../ui/js/saiku/embed/SaikuEmbed.js">saikuembed</Dependency>
			</Dependencies>

			<Styles>
				<Style src="../../ui/embed/saiku.css"></Style>
				<Style src="../../ui/css/saiku/src/saiku.table.css"></Style>
			</Styles>

			<CustomProperties>

				<DesignerProperty>
					<Header>
						<Name>saikuFilePath</Name>
						<Parent>BaseProperty</Parent>
						<DefaultValue></DefaultValue>
						<Description>Saiku file</Description>
						<Tooltip>Saiku File</Tooltip>
						<InputType>SaikuPath</InputType>
						<OutputType>String</OutputType>
						<Order>25</Order>
						<Version>1.0</Version>
					</Header>
				</DesignerProperty>

				<DesignerProperty>
					<Header>
						<Name>renderMode</Name>
						<Parent>BaseProperty</Parent>
						<DefaultValue>table</DefaultValue>
						<Description>Render Mode</Description>
						<InputType type='valuelist'/>
						<OutputType>String</OutputType>
						<Order>9</Order>
						<Advanced>false</Advanced>
						<Version>1.0</Version>
					</Header>
					<Values>
						<Value display='Chart'>chart</Value>
						<Value display='Table'>table</Value>
					</Values>

				</DesignerProperty>

				<DesignerProperty>
					<Header>
						<Name>renderType</Name>
						<Parent>BaseProperty</Parent>
						<DefaultValue>bar</DefaultValue>
						<Description>Chart Type</Description>
						<InputType type='valuelist'/>
						<OutputType>String</OutputType>
						<Order>10</Order>
						<Advanced>false</Advanced>
						<Version>1.0</Version>
					</Header>
					<Values>
						<Value display='Bar'>bar</Value>
						<Value display='Stacked Bar'>stackedBar</Value>
						<Value display='Stacked Bar 100%'>stackedBar100</Value>
						<Value display='Multiple Bar'>multiplebar</Value>
						<Value display='Line'>line</Value>
						<Value display='Area'>area</Value>
						<Value display='Pie'>pie</Value>
						<Value display='Heatgrid'>heatgrid</Value>
						<Value display='Treemap'>treemap</Value>
						<Value display='Sunburst'>sunburst</Value>
						<Value display='Dot'>dot</Value>
						<Value display='Waterfall'>waterfall</Value>
					</Values>

				</DesignerProperty>

			</CustomProperties>

		</Implementation>
	</Contents>
</DesignerComponent>
