<?xml version="1.0" encoding="UTF-8"?>
<beans xmlns="http://www.springframework.org/schema/beans"
	xmlns:context="http://www.springframework.org/schema/context"
	xmlns:xsi="http://www.w3.org/2001/XMLSchema-instance" xmlns:ws="http://jax-ws.dev.java.net/spring/core"
	xmlns:wss="http://jax-ws.dev.java.net/spring/servlet"
	xsi:schemaLocation="http://www.springframework.org/schema/beans http://www.springframework.org/schema/beans/spring-beans-2.5.xsd
                           http://www.springframework.org/schema/context http://www.springframework.org/schema/context/spring-context-2.5.xsd
                           http://www.springframework.org/schema/util http://www.springframework.org/schema/util/spring-util-2.5.xsd
                           http://jax-ws.dev.java.net/spring/core http://jax-ws.dev.java.net/spring/core.xsd
                           http://jax-ws.dev.java.net/spring/servlet http://jax-ws.dev.java.net/spring/servlet.xsd">

  <context:annotation-config />

  <!-- uncomment for direct jersey services -->
  <!-- bean id="jaxrsPluginServlet" class="org.pentaho.plugin.j2ee.JAXRSPluginServlet" /-->
  
  <context:annotation-config />

  <bean id="enunciatePluginServlet" class="org.saiku.plugin.EnunciateJerseyPluginServlet">
    <property name="initParams">
      <map>
        <entry key="com.sun.jersey.config.property.resourceConfigClass" value="com.sun.jersey.api.core.PackagesResourceConfig" />
        <entry key="com.sun.jersey.config.property.packages" value="org.saiku.web" />
        <entry key="org.codehaus.enunciate.modules.jersey.config.ResourceProviderFactory" value="com.sun.jersey.spi.spring.container.SpringComponentProviderFactory" />
        <entry key="com.sun.jersey.spi.container.ContainerRequestFilters" value="com.sun.jersey.api.container.filter.PostReplaceFilter" />
<!--        <entry key="com.sun.jersey.spi.container.ContainerResponseFilters" value="com.sun.jersey.api.container.filter.GZIPContentEncodingFilter" /> -->
      </map>
    </property>
  </bean>
  

	<bean id="pentahoDsManager" class="org.saiku.plugin.PentahoDatasourceManager" init-method="init">
		<property name="datasourceResolverClass" value="org.saiku.plugin.PentahoDataSourceResolver" />
		<property name="saikuDatasourceProcessor" value="org.saiku.plugin.util.PentahoDatasourceProcessor" />
		<!-- <property name="dynamicSchemaProcessor" value="mondrian.i18n.LocalizingDynamicSchemaProcessor" /> -->
	</bean>

	<bean id="connectionManager" class="org.saiku.plugin.PentahoSecurityAwareConnectionManager" init-method="init"  destroy-method="destroy">
		<property name="dataSourceManager" ref="pentahoDsManager" />
		<property name="userAware" value="false" />
		<property name="connectionPooling" value="true" />
	</bean>

	<bean id="datasourceServiceBean" class="org.saiku.service.datasource.DatasourceService">
		<property name="connectionManager" ref="connectionManager" />
	</bean>

	<bean id="olapDiscoverServiceBean" class="org.saiku.service.olap.OlapDiscoverService">
		<property name="datasourceService" ref="datasourceServiceBean" />
	</bean>

	<bean id="olapQueryBean" class="org.saiku.service.olap.OlapQueryService"  destroy-method="destroy">
		<property name="olapDiscoverService" ref="olapDiscoverServiceBean" />
	</bean>


	<bean id="datasourceResourceBean" class="org.saiku.web.rest.resources.DataSourceResource">
		<property name="datasourceService" ref="datasourceServiceBean" />
	</bean>

	<bean id="olapDiscoverBean" class="org.saiku.web.rest.resources.OlapDiscoverResource">
		<property name="olapDiscoverService" ref="olapDiscoverServiceBean" />
	</bean>

	<bean id="queryResource" class="org.saiku.web.rest.resources.QueryResource">
		<property name="olapQueryService" ref="olapQueryBean" />
		<property name="olapDiscoverService" ref="olapDiscoverServiceBean" />
	</bean>
	
		<bean id="thinQueryBean" class="org.saiku.service.olap.ThinQueryService">
		<property name="olapDiscoverService" ref="olapDiscoverServiceBean" />
	</bean>


	<bean id="queryResource2" class="org.saiku.web.rest.resources.Query2Resource">
		<property name="thinQueryService" ref="thinQueryBean" />
	</bean>
	
	<bean id="sessionService" class="org.saiku.plugin.PentahoSessionService">
	</bean>
	
	
    <bean id="sessionResource" class="org.saiku.web.rest.resources.SessionResource">
    		<property name="sessionService" ref="sessionService" />
	</bean>

  	<bean id="repositoryBean2" class="org.saiku.plugin.resources.PentahoRepositoryResource2" />
  	
  	 <bean id="tagRepositoryBean" class="org.saiku.plugin.resources.PentahoTagRepositoryResource">
		<property name="olapQueryService" ref="olapQueryBean" />
		<property name="path" value="saiku-repository"/>
	</bean>

  	 <bean id="filterRepositoryBean" class="org.saiku.plugin.resources.PentahoFilterRepositoryResource">
		<property name="olapQueryService" ref="olapQueryBean" />
		<property name="sessionService" ref="sessionService" />
		<property name="path" value="saiku-repository"/>
	</bean>
	
	<bean id="pluginResource" class="org.saiku.plugin.resources.PluginResource" />
	
	<bean id="exporterBean" class="org.saiku.web.rest.resources.ExporterResource">
		<property name="repository" ref="repositoryBean2" />
		<property name="query2Resource" ref="queryResource2" />
	</bean>
	
	<bean id="startupBean" scope="singleton" class="org.saiku.web.rest.util.StartupResource"  init-method="init"  />
	
	
</beans>
